corp_code,종목코드
00260985,036720
00264529,040130
00358545,055000
00231567,032600
00359614,056140
00153551,012400
00344746,045880
00261188,037830
00268020,030390
00269287,041320
00475286,078420
00250775,046350
00114321,013650
00191108,015390
00167378,019640
00225210,058690
00223346,035400
00174129,024100
00114826,026540
00173333,016510
00687599,950030
00256292,036790
00271431,038830
00154727,020070
00246189,037110
00154204,007490
00152631,017300
00358095,056850
00510215,082110
00347619,045760
00372013,062730
00353735,055250
00186540,022520
00128759,004620
00535588,089240
00264981,045260
00231521,032380
00159908,009690
00259493,035710
00359641,114410
00161639,012420
00211271,034660
00388272,065340
00264796,043680
00134909,035010
00236368,048640
00684547,103150
00251385,066690
00262682,040740
00234555,038420
00507257,084810
00417963,067850
00543523,086720
00300566,054170
00299376,054010
00112068,001190
00257194,033720
00477372,078700
00465410,076850
00331760,048510
00200761,030030
00268297,042870
00161301,021060
00237260,036270
00297970,037510
00107358,032030
00267474,043630
00134051,013240
00596066,093820
00347363,052310
00150226,008400
00152914,001370
00158839,017010
00159281,011050
00210537,065410
00240370,044640
00247887,051820
00268358,046240
00316488,060750
00264130,043790
00540304,088020
00617299,094950
00262275,052210
00200798,032930
00335924,061050
00111591,014010
00189343,007800
00252588,046320
00267997,031800
00299686,060670
00463050,074140
00238913,068770
00107446,003020
00114303,015940
00318617,045820
00267775,031960
00394574,067950
00110176,008320
00136554,017050
00144562,024870
00370547,058550
00242439,035950
00134060,000790
00392600,058900
00259855,039990
00385451,066340
00258944,047600
00798530,122290
00451268,077960
00336570,063280
00363325,079870
00148188,032150
00508566,080570
00133928,004230
00540784,084160
00298252,061140
00264556,038690
00581000,090090
00359094,054120
00686970,105380
00255309,035500
00362380,054650
00244862,033880
00297165,042100
00105767,016990
00173397,001600
00259606,036660
00178471,037020
00331733,049690
00104892,023670
00647917,101790
00597764,094520
00355821,088960
00329677,052650
00244871,032390
00246383,035830
00345499,048130
00348140,045400
00215107,047450
00560991,088810
00265263,037700
00142564,013200
00198572,023020
00642648,900020
00537443,078670
00113173,007480
00441872,073130
00480844,079340
00262044,053070
00101442,032570
00295875,045380
00441298,080140
00263885,045290
00475532,076090
00130204,033190
00128731,007050
00325981,047370
00540021,085680
00362089,052970
00228916,030420
00114215,025970
00109648,016160
00261212,037320
00348007,059720
00275808,048760
00375579,063350
00197324,025460
00339063,052560
00538497,084240
00225140,033260
00101947,018890
00287724,041800
00347840,052640
00504357,080410
00269339,041450
00634959,098150
00267094,039350
00142698,006210
00350057,057100
00721981,108070
00248691,037150
00335562,056200
00369675,045710
00265078,039040
00267809,019430
00314000,037550
00355292,052810
00386557,056010
00548865,088010
00221320,036550
00124054,007830
00301486,068630
00311298,053470
00348557,047710
00265342,038920
00156734,027840
00208693,036850
00128953,014420
00428792,069470
00148744,000610
00518873,083120
00300779,051530
00397766,066850
00174305,004820
00320807,048140
00106492,004790
00592583,093400
00275260,048460
00183914,025920
00481676,081220
00104971,000470
00269773,040180
00334767,046720
00453752,073930
00140919,015050
00255840,036210
00133034,012090
00161028,004550
00174475,018410
00251482,034010
00824659,126680
00259536,037540
00505198,080980
00679730,101990
00803504,122750
00350118,054150
00352295,041630
00240088,036920
00560025,090540
00140380,003640
00101275,001670
00797674,121910
00244589,033850
00802028,123290
00371519,066060
00126593,071660
00220181,089480
00254009,036610
00505541,081190
00240398,034510
00828309,128910
00349468,053040
00808262,123300
00252393,049000
00229818,032420
00154189,008540
00680161,900030
00102645,012410
00844884,950070
00592592,093410
00268437,010670
00798284,121950
00164195,037380
00264811,045470
00676380,110310
00543231,091690
00122436,011800
00505189,080970
00271413,040020
00245296,065610
00480905,085990
00890333,149130
00510534,081930
00150855,007200
00173634,009010
00830377,900150
00224567,066300
00582054,081090
00125929,014900
00502793,080180
00505550,081200
00104704,025610
00361035,056710
00630111,900010
00264802,038720
00399773,064420
00257529,041030
00804114,123550
00416706,071530
00173324,019120
00121729,004010
00808226,124050
00162577,019260
00812229,123910
00351153,056810
00126885,008080
00264741,042820
00266989,038120
00260693,037240
00267951,013780
00804983,123160
00502474,080030
00579379,105070
00264857,041060
00375302,053000
00264848,042340
00251190,034600
00694003,900060
00505170,080960
00259439,035450
00207436,046430
00408585,072530
00115038,003330
00288653,042570
00303837,045310
00330017,047420
00264769,038810
00308948,053890
00321222,073780
00361202,066200
00450728,078610
00535773,081500
00152950,011020
00296069,050600
00521956,083160
00360540,060550
00593519,093730
00194372,032050
00154693,036900
00106650,005330
00368791,064720
00220552,035270
00294371,041940
00353683,053170
00252375,071360
00260903,036360
00261461,038410
00265218,036760
00471989,076170
00306986,065910
00356644,054440
00305695,056060
00257051,065810
00459589,073530
00366164,057110
00436728,072450
00136235,003990
00328854,048270
00120960,009890
00119733,032590
00119423,033330
00557067,089170
00557058,089180
00557030,089200
00557049,089190
00244330,038960
00120100,012990
00246657,058680
00130037,009790
00405074,066330
00398534,067910
00165200,005760
00150183,015670
00268482,044370
00363033,060660
00364227,055970
00458915,073470
00386876,064900
00543073,085450
00160445,025830
00554468,088510
00165565,016040
00300256,037060
00138491,001830
00102821,003660
00377814,060410
00364670,056020
00143013,012460
00263991,041310
00105183,010200
00173254,025450
00101637,009220
00124513,003930
00154417,009080
00119362,008780
00140353,016970
00170451,038400
00267793,033210
00260639,037250
00153852,018180
00248956,036820
00390028,063510
00260888,037750
00275710,039000
00172103,027440
00263955,038050
00261601,035870
00265254,037220
00255266,037730
00259916,035780
00131434,001150
00271352,043690
00244932,036020
00348052,053250
00367598,055810
00267720,054530
00147949,004190
00203458,025690
00130000,008030
00145534,032180
00425360,070540
00141334,002850
00384452,048150
00103583,003590
00162142,005890
00236021,054080
00106483,019930
00208374,027350
00309983,048540
00277727,037500
00136217,006150
00229827,038980
00247902,037010
00318477,046000
00246815,037650
00260921,038100
00247762,036880
00350224,056500
00101992,006750
00151614,009360
00179832,032610
00241120,036910
00277985,036060
00325918,036590
00110981,009940
00104467,031150
00257361,047610
00358730,054370
00248406,045920
00110963,000380
00267021,042960
00330406,049370
00110079,027700
00141440,036600
00135670,001580
00144933,023420
00371139,066480
00218654,031970
00115852,002950
00113696,001980
00253514,037120
00105509,010730
00163178,001280
00264185,039580
00265157,035960
00270405,039390
00125406,002930
00258731,035910
00822572,144630
00580603,090970
00580612,090980
00317830,086830
00311030,037620
00439053,050640
00992312,194860
00580621,090990
00580630,091000
00262123,050050
00533696,083610
00533757,083600
00533580,083570
01041217,204760
00533793,083580
00533836,083590
00144766,004320
00525527,082930
00372989,058370
00529523,083360
00526474,083390
00302801,074130
00124018,025270
00255071,034750
00364926,065270
00350491,160350
00450214,088700
01022054,222520
00164955,011720
00790501,117930
00272412,045050
00207542,025930
00394778,068150
00446460,078780
00188946,017170
00137702,007190
00418476,074150
00587101,092630
00351047,053810
00778040,114130
00778059,114140
00126229,000830
00496003,082390
00359030,063840
00510914,081940
00697329,108890
00149664,015110
00318839,042950
00130897,002860
00183260,071930
00246347,039850
00599230,950010
00970277,179280
00122922,002530
00116860,016420
00505569,081210
00160612,025850
00659435,224090
00232317,033030
00130860,031950
00113632,026230
00837680,134000
00130815,016560
00248123,040670
00788807,121550
00270432,043890
00648697,102000
00165529,013450
00419989,067130
00637114,099210
00361114,056340
00125628,158380
00265227,037630
00267669,044440
00693800,119250
00991012,187770
00164469,010520
00586652,092970
00345657,052350
00810531,181980
00127370,026250
00261124,038320
00244729,035210
00138127,008900
00156521,010460
00120377,000420
00136970,014350
00148328,001300
00842479,139170
00907660,950100
00351269,053870
00350251,052880
00206127,033280
00846396,138440
00144155,003600
00678281,103650
00314888,051710
00653990,110500
00451116,072430
00159926,010150
00648688,101380
00512550,082240
00512532,082260
00512541,082250
01047929,207930
01064315,215580
01047567,207720
01043871,204650
01065536,215750
00636045,110570
00632331,189700
00974459,156170
00461690,085980
01111057,232290
00823687,900130
00318538,232360
00855145,139200
01046179,206660
00110495,005620
00722500,900050
00533678,083620
01047716,208870
00686147,104120
00686068,104110
00163619,061460
00967778,192240
01038161,204440
00267960,036500
00529310,083350
01080410,219580
00413824,086200
01090301,222390
01010572,256090
01075047,218710
01089828,221200
01087079,219860
01072660,217810
01091391,223040
01089961,221950
01089387,219960
01111765,252940
01115257,246830
01109186,230490
01095892,235090
00130949,016170
00202778,051170
01090921,237720
01102800,226850
00148717,008000
00959265,207230
00447478,095300
00163789,090730
00838421,130960
01094565,225440
00842327,900180
00156044,024660
00109170,004130
00207223,026260
00454265,087220
01170962,900290
00348177,052290
01111020,232270
01117103,235010
00264644,038990
00334244,047060
00535719,082220
00790121,900090
00569992,123100
00925453,167380
01130937,240540
00232496,099830
01088458,272420
00108047,007910
00600013,094800
00609254,111610
01117495,251540
00835734,144740
01119217,242420
00865382,140890
00149877,015170
00123514,030950
01139266,900260
01018954,250300
00921475,230400
01199985,265480
00619020,135270
01179839,257730
01095397,229480
01051339,226610
01113277,247300
01197428,264290
00252755,039530
01181940,122050
00580180,176560
00473400,077280
00100717,023430
00133317,026220
01201581,265920
00200956,026180
01111570,232330
01113781,242850
01194759,262830
00527880,122800
00117638,007150
01063963,252370
00656340,210610
01194892,271400
00222806,043580
01234525,271740
00389679,065180
00526465,083380
00324104,047440
00410678,204690
00930321,159650
00307037,065310
00695464,900040
00123152,004740
01086812,205290
00961136,189540
00893923,185280
00530796,094700
00671437,123260
00102681,004200
01243550,276920
00814810,251960
01186811,284610
01066030,220110
00526447,083370
00435297,088980
00598587,108790
01243772,277480
01107665,900250
00351418,152330
00843830,220250
00647935,099350
00647883,099340
01277928,291210
00100258,030270
00255141,035480
01247918,279410
01257526,281410
00599887,099660
00601641,197210
00261735,039790
00122339,036260
00159290,023890
00116356,005190
01337114,329050
01336391,310840
00609485,103130
00173944,105840
00786331,900080
00482426,101930
00111874,005710
00109286,000490
00146719,001590
01337220,311270
00129350,001820
00144252,000910
00303217,049800
00389387,065160
00208134,058400
00125938,023600
00954242,172580
01036446,200880
00455112,045890
00112970,001070
00129554,011420
00110307,031990
01068348,217500
00612115,091270
01351114,317030
01326260,307160
01236286,900310
00364111,086080
01015726,213090
00650629,101060
00186939,026150
01169434,900300
00163691,000700
00194275,033110
00207755,028150
00133663,053060
01137897,224880
00132318,014620
00799070,900110
01343920,313750
01351822,317320
00260392,006340
00379016,094190
00523307,068240
00563147,158300
01371312,323940
00153524,011280
00962223,263860
00267881,006910
01366365,323210
00105156,014530
01262023,253610
00116073,025340
01336285,307070
00176792,079440
00366793,080440
00351630,053450
00867098,117730
00481223,079560
00989327,183350
00146649,015860
00601191,299030
00148443,002620
00148939,004700
00966168,263690
00438036,084730
01255652,281740
00664181,189300
01058101,214260
01213586,332370
00405506,361670
00268181,039110
00552992,109820
00173731,032040
00396925,058970
01141942,290740
00524421,095610
00491336,090120
00556615,087260
00447760,049950
01084294,353590
00118284,109860
00442145,083930
00411446,066310
01137295,335810
00532129,060850
01459212,382840
00244747,140860
01234297,268280
00763473,241710
00578325,092590
00442048,149950
00663289,140660
00147152,011320
00977377,203400
00494546,352910
00493501,073710
00267979,007770
00530121,109740
00166272,013520
00659815,165270
00117072,005900
00107303,033220
00393618,066830
01022902,179530
00350738,053320
00133715,008340
00946030,108490
00122728,002480
00123967,015350
00108649,048770
00231044,032820
00609324,100120
01429840,372800
00143794,005820
01267222,317530
00162780,006440
00183215,032290
00175650,068060
01139497,217910
00860730,140910
01359736,321260
00145260,008730
00118965,019180
00125488,014970
00687711,104700
00260879,042000
00861100,149010
00304915,190650
00362159,065950
01235296,299660
01066058,217950
01303029,361570
01293388,322970
01311286,317690
00606886,183490
01394377,334890
00118008,018500
00561732,159010
00132354,192400
00218052,053740
00595243,098400
00133238,005980
00417167,371950
00631837,065660
00914040,225330
00159254,006200
01395279,332710
01414361,337450
01414936,340350
00367385,097870
00632793,110020
01366824,254160
00168401,008870
00142591,012250
01407909,336570
01390876,329560
00648721,100840
00145914,017250
00266943,041140
00493431,221610
01208849,267320
01338724,950180
01135640,351330
00136341,005390
00530185,102710
01187458,270210
01046708,206640
00298687,039670
00688358,221840
00599151,289080
01532603,378850
01399071,348150
00107224,008350
00226228,066110
00872850,179440
00347877,052190
01067242,228180
01183407,270020
00964595,317870
01415892,348950
00523936,297890
00111458,014160
00218575,032560
00991191,174900
01350638,309900
00245694,111710
00134316,021820
01116274,225860
01301623,146320
01393299,330990
00872452,176440
00139685,030960
00103042,009070
01117592,240340
00120872,001080
00830447,185190
01160974,251120
00264787,033600
01265251,291650
01267684,284740
00975290,241840
00411905,182690
01414370,340120
00905316,153360
00867973,294630
00828761,228670
00104698,000680
00122348,003610
01264438,289220
00170877,018120
00963000,217320
01021949,206560
01329957,307750
00135777,016590
00866594,225850
00877819,263800
00411048,101490
00127200,005680
00147222,000950
00106456,014590
00105475,053260
00147295,006350
00145464,025820
00109161,006890
00529815,080520
00101628,000050
00363486,071280
00111865,028040
00823429,123690
00303396,054040
01061327,214150
00616962,277070
00174004,002920
00665630,151750
00985686,182360
00571483,138080
00974927,160550
00123107,002760
00125725,016670
00899459,228850
00220561,037710
00165343,003010
00148595,038010
00409964,106190
00159218,051600
00129615,027580
00258689,035900
01117422,244880
00101220,001390
00491415,115310
00152686,007810
00162993,003300
00124027,011390
00800145,122690
00145686,000760
00411385,078070
00660291,109080
00258360,036090
01124653,236200
00332927,194370
00389110,051160
00266952,042420
00398792,064960
00148920,004910
01170865,253590
00484682,083310
01437292,357250
00136864,009270
00155373,093380
00533003,105740
00336297,049720
00137809,001770
00136457,002360
00111193,108380
00159175,009720
00490179,075130
01258710,302430
00678096,141070
00220686,058610
00429694,177830
00138598,036010
00673976,114570
00857727,136480
00803425,123410
00228536,041440
00118345,001530
00636656,099430
00476036,083500
00121288,005360
00146269,003200
00155382,065940
00608316,131220
00157539,024120
00671978,204020
00130091,007540
00138729,002310
00531014,084370
01584934,417180
00172936,004890
00307222,057030
00369170,051370
00151395,000650
00235147,073070
00530556,122640
01046203,204630
00153126,005740
00128661,031330
00641171,100030
00493510,085670
00223434,036810
00131504,011370
00864338,196700
00579980,084850
01169267,252500
00130383,006730
00146560,019540
00325112,053610
00925295,173940
00610083,141000
01065785,229500
00496225,087730
01141599,261780
00653024,272450
00203582,025750
01063990,215100
00938721,161580
00250997,120240
00599957,094840
00116806,012760
00165583,017940
00860332,138040
00159023,017670
01562589,383800
00138297,011810
00160010,021650
00159795,017960
00807379,243840
01264234,311060
00105952,006260
00366517,112190
00378628,060720
00897752,278280
00206039,039240
00160621,003350
00340096,100790
00363246,046940
00539274,084690
00145473,044960
00357607,054410
00365624,090150
01180118,417310
00575106,376290
01397772,365270
01440481,351340
01166109,250930
01441611,376980
00533508,094970
00267942,016600
00405320,069080
00203023,025320
01506848,419540
00609661,204610
00216498,037350
00298340,039440
01244601,377300
00161444,016830
00150244,000080
01174038,254120
01095704,225430
01206717,448780
00166528,100660
00108977,006370
00858124,140670
00255044,039010
00148522,010820
00335076,049480
00134963,004430
00270113,058110
01133217,323410
00441650,115500
00129387,000390
00127909,032280
00243757,039290
00478900,093190
01419986,344050
01028164,192530
00346966,052510
01418543,342550
00148948,001550
01405390,347770
00553025,199150
00124151,005030
00157070,025540
01146822,262840
00965062,189350
01513440,368770
01014718,361390
00343127,046840
00870861,155650
01354740,365900
00189538,032580
00231354,037030
01032486,241560
00491938,130500
01535150,395400
01437432,383930
00306719,069510
00178851,060380
00407285,059100
00219440,028080
00239596,037760
00133089,015200
00117577,001800
01504804,367460
00577335,129920
00113508,000320
00153755,004100
00132804,004980
01222432,306040
01437186,365550
00862853,237820
00157636,024880
00407975,068420
00174208,036890
00659976,265560
01160512,900270
01020269,434190
00785475,131390
00255275,078150
00143262,010400
00160861,011500
00114093,004830
00181299,089980
01364747,399720
00347442,051810
00415628,075580
00173740,005450
00654272,171010
00373447,038070
00990165,183190
00809517,226350
00165680,008770
00159342,025770
00327819,171090
00257732,101680
00793155,220180
00176516,036190
00684714,103140
00126371,009150
00148993,000140
00565154,214320
01686755,441270
00141282,001890
00593032,093050
00133511,004060
00414601,077500
00199988,041930
00416654,072130
01208885,267290
00102140,009140
00171867,042110
00230425,039860
00287788,040420
01117246,278990
01047840,207760
01246742,258050
01419135,344860
00587457,094480
00124276,008470
00328191,073010
00155151,043370
00143527,012320
00611286,191600
00138446,013990
00296263,051390
00269612,047310
00350482,045300
00256715,043650
00127936,002290
00154055,001420
00447928,085910
00144164,018670
01214743,298540
00159564,025890
00759294,122990
00112165,092200
00445799,093920
01316227,298020
00222532,037560
01478712,353200
01656374,430220
00143314,015260
00138701,002030
00364306,081580
00244783,052600
00112022,024890
00298270,053800
01396931,337840
00152783,049430
00302926,064350
00167280,007630
00105299,014280
00110893,003540
01316236,298000
00623661,104830
00159102,005830
01076550,221670
00226866,049070
00122898,007210
01101041,225590
00132488,012580
01327092,317120
00365758,052860
00808022,140410
00626710,096300
00939331,161890
00301422,066590
00210980,032940
00296005,046970
01077577,215360
00231372,032350
00221728,066130
00761952,123860
00129271,009470
00164812,011760
00188797,119500
01416457,341160
00526696,095270
01069736,256150
00660033,115530
01070857,217600
00540340,290510
01116380,245450
00172291,012510
00374020,063760
01139965,408900
00462121,073490
00616290,123570
00300548,079430
01109955,219420
01571107,394280
00188089,020000
00106368,011780
00264228,038620
00843900,191410
00149026,000590
00256380,049520
00167004,024060
01199189,264850
00302120,054340
00112721,140520
00624998,123330
00123781,026940
00604815,121890
00454946,083420
00155498,001310
00309831,061040
00366942,059090
00261285,036460
01291317,393890
01011562,194610
01336443,310870
00961774,179900
00154718,082920
00350020,049120
00117382,004510
00125646,018310
00131692,008490
00122737,028670
00422284,072870
00107677,002070
00234227,056080
00145668,001840
00527464,072990
00249982,035610
00110608,155660
00526836,095500
01325429,306620
01059605,210540
00131328,016140
00540429,090710
00398808,068930
00124577,008120
00128175,014190
01344752,327970
00163345,012030
00252001,058480
00161709,016800
00265005,057540
00626011,119830
00348034,052790
00832700,207490
01261644,277810
00761059,251970
00622787,377740
00676122,155960
00136402,006880
01436336,349720
00155452,023900
01021666,317330
00133335,000180
00123648,005350
00369833,047400
00131054,001200
00982023,257720
00151368,129260
00185356,033100
00925967,232530
00159698,071320
00128555,004690
00112679,015230
00131896,003100
01113949,195440
01042650,115180
00359076,064480
00439965,121600
01487446,359090
00160205,010040
00628860,095660
00576789,113810
00360674,056360
00133557,024940
01073678,238120
00268011,033550
00129280,011230
00141608,014940
00130046,009280
00404288,059120
00135467,049830
01365825,319660
00225159,036530
00260383,006650
01301252,425040
00579971,094360
01063556,233990
00364847,067920
00883980,143160
00106395,001210
00104999,008600
00604426,119610
00491053,086060
01102095,225650
00121543,033920
00359580,054800
00145109,000100
00363927,053290
00201131,032080
00925189,187270
00148504,000110
00132628,014910
00397058,058630
00989619,196170
01119651,276240
00866062,170920
00305297,052330
00413523,053690
00185222,045520
01115044,251280
00142883,017370
00268118,036690
01188749,299480
00161781,025980
00632845,104620
00612188,098660
00980122,175330
01505186,365590
00137012,103230
00273110,052020
00118275,003160
00235183,044780
00807397,121850
00115384,007590
00352718,053110
00133876,011560
00668600,102370
00404701,123890
00500254,078930
00113359,030610
00347062,052260
00264732,038950
00352499,042500
00879020,142210
00295547,043360
00186717,053620
00177816,078600
00351807,048910
00148461,001560
00669450,199290
00147082,049630
00298377,040910
00963976,255220
01326224,307280
01391033,338100
00177199,024090
00109587,004780
00161976,016450
01196313,263770
00447502,086040
00149770,000440
00261009,036620
01583953,413300
00166315,010690
00493185,090470
00555740,110660
00117629,008970
00188715,053660
00435312,071090
00916826,223250
01187494,261200
01388631,329020
01507722,402420
00246417,039030
00555874,089590
01117413,314930
00406727,067770
00120021,003550
00201788,065620
00447982,074000
00432102,071050
00231664,041190
00113526,003490
00115065,023450
00921916,357550
00162832,024740
00266934,043200
00369657,058470
00351092,053700
00563518,126340
00155692,037400
00170558,021240
00269940,039130
00360577,054940
00129989,005070
00204262,030520
00357430,049960
00139719,019210
00238153,037070
00258421,035460
00356361,051910
00410915,063170
00641393,101400
01576102,396690
01062867,214680
00806972,127160
00359623,072470
00614089,234070
00242712,037950
00240857,038460
00306162,038540
00203209,043340
00161462,021080
00106641,000270
00152880,003070
00138260,009160
00120562,004990
00485177,094820
00261355,038390
00164724,017800
00423177,054450
01418260,354230
00231442,033130
01013311,214180
00249247,037270
01035368,425420
00961570,290520
00148364,003380
00128315,037460
00379229,060540
01428249,347140
00923899,158310
00159616,034020
00997812,183300
00695969,094170
00139764,011090
00537832,094940
00140955,014680
00334624,038160
01051065,236810
00128926,017480
00612489,214430
00140052,003800
00367455,092300
00673301,120780
01345724,318660
00165361,036840
00105606,214330
00133618,002420
01142075,163730
00201742,048430
00359261,072950
00133812,004360
00666064,108860
00608839,096690
01018802,140610
00540571,096870
00202839,079170
00367871,352940
01051092,241820
00123772,001270
00400060,067010
00158112,002200
01397620,328130
00599106,094860
00139083,013310
00163196,002220
00108135,005250
00109718,003960
00994994,187790
00201733,032540
00100939,000860
01047451,208370
01179617,256840
00569646,143540
00423690,068290
00152260,016920
00398668,065510
00533924,131400
00531078,084440
00694942,115610
00340272,050760
01067516,215000
00867849,173130
00152039,001380
00587466,092230
01158553,274090
00141413,012280
00684732,103160
00535375,139670
00993931,228340
00115287,004140
01128613,241590
01071041,311690
00102760,011160
00796994,120030
01514519,373340
00353878,058730
00957735,237880
01724417,454640
00412348,061970
00654175,147760
00760971,259960
00599489,140290
00819073,216050
00122579,001460
00959210,448710
01343735,348840
00519252,089230
01367586,417500
01165739,950140
01573381,412350
00815369,123700
01724338,454750
00301246,036540
01099861,224110
00156354,013870
00551920,092730
01488320,378340
00197759,025560
00400857,078520
00194947,130660
01744703,457940
01712616,451700
01724709,455250
01026616,221800
01591606,405350
00108612,017860
01791321,469880
01528530,377630
01032404,200130
00149293,000010
00606664,105330
01676989,440200
01305869,188260
01785551,464680
00561723,088280
00112819,017680
01447217,353070
00299358,102210
01683387,442900
00134477,003570
00138279,010950
00160418,010100
01568875,388220
01146220,271830
00145552,005950
00304076,053080
00167031,010240
00449379,067990
00116949,007340
00239514,054090
00269241,044380
01163050,271850
01259418,290670
00580056,099440
00206084,033020
00619640,101360
00302582,071850
00770312,195500
00220613,092790
01082418,419530
00302236,052960
01328639,900340
00191287,020400
01144028,260930
00176914,023590
01195828,311840
01580178,397500
01504910,367480
00495633,146060
00787057,115160
00117258,027390
00120076,001120
00297934,051380
00121686,033160
00160232,044450
00409371,079950
00401731,066570
00525882,096240
01516368,419120
00508344,210980
01368637,340930
00892526,263020
00479705,079190
01297898,377480
01042085,205100
01414422,339950
00410997,069140
00120289,026040
00807555,133750
01305249,330730
00494218,073110
01585155,440320
00111722,006800
00287812,038870
01136348,242040
01497142,373170
00244419,033430
01292291,440110
00147860,010580
00536888,093640
00140362,005560
01447244,353060
01696275,446750
00425351,067280
01567520,387310
00217743,039610
00128227,009770
01785056,466910
01080252,348210
01416572,340440
00352000,049130
00193009,033180
00145437,012170
01775952,464440
00255619,035250
00670085,138690
01402995,432470
00260611,043590
00158316,034310
00583424,090430
01535257,380440
01251595,293780
01494154,389030
01021639,405920
00173661,001970
00103547,018620
00113997,020150
00144012,008370
00173032,025900
00480455,077970
00228350,056700
00520610,101240
00990396,266170
01135084,365330
00133751,017510
00137234,012860
00255433,042510
00389970,064260
00812362,141020
00706715,107590
00361594,068790
00363592,054920
01116344,208850
00995993,180400
00367695,060900
00178790,079960
00911229,232680
00106313,002990
00390365,051360
00156600,198940
01309421,452160
00365934,089890
00755739,106240
00828789,128820
01112700,246250
00125576,033250
01203376,264450
00249502,035290
00145880,004020
01365384,379390
01591262,404950
00607496,452190
00129420,013700
00855163,134380
00788737,134060
00584362,081970
01023822,236340
00372688,057680
00229030,354320
01363818,330590
00965512,418420
00441304,078890
00619507,112290
01156795,296160
01497124,452300
00269852,041020
00115612,005960
00135917,000370
00472890,075970
00191588,023000
01060814,272550
01576713,396770
01012640,298830
00965318,274400
01760640,456490
00552859,115450
00456218,080160
01089855,220630
00480367,100090
00127255,003720
00531917,108230
00596677,093520
01450105,353490
01134216,417790
00115676,016380
01096341,225570
01631658,426670
00614593,137940
00910947,155900
00800084,900120
01505469,367360
00114552,002150
00116301,008260
00163318,006920
00117179,013570
00177320,036480
00121570,008420
00361381,054950
00142865,024070
00490151,091700
00958451,452280
00130772,034120
00138747,050860
00483735,076610
00359474,058420
00231105,033500
00670766,347890
00133991,019440
01030503,457550
01792825,471050
00260958,036030
01738483,457630
00143651,016880
00778235,246690
01207716,129890
01042775,204320
01350869,316140
00163512,002320
01493535,363260
00180795,023810
00524786,086670
00646732,100250
01335578,310200
01680131,447690
00564562,097520
01622720,432320
00874797,456700
01725160,455310
01526949,377400
00430089,070080
00398701,066970
00907013,152550
00105040,012340
00147772,045510
00152437,064820
00204226,032680
00243067,014470
00303192,066900
00353762,054780
00173999,024800
00348292,047080
00862312,105760
01700374,448370
00578130,149300
01060735,223220
00356389,035200
00365590,067630
00657756,135160
00418379,043910
00356927,054630
01023318,347000
01596665,409570
00309460,440290
00652007,241770
00769158,272110
00808068,138360
01108248,228760
00757816,149940
01263527,284620
00102113,012610
00145598,102460
00454399,080010
00542074,091970
01476219,355150
01043853,206400
00409672,084870
00425254,257990
00664048,115440
01652970,427950
00591441,102120
01158632,250030
00138057,004770
01053540,220100
00605328,264660
00109693,000210
00372253,115960
00598198,307930
00537337,092600
01797440,472230
01406618,335890
00468374,074600
00689418,111820
00260569,036200
01669226,451800
00159971,009440
01495180,388870
01357446,370090
01218299,448280
00923792,168330
01062177,225220
01787072,468760
00110431,067290
01791561,469900
01800285,473370
01097906,226360
00367710,111380
00479787,064290
00117744,000060
00104786,007120
00611912,125210
00101433,002100
00876209,208890
00188973,061250
00273420,047560
00411808,418550
01717170,452670
01293953,356890
00692254,114840
00351995,053050
00109824,006570
01462605,388050
00957373,168360
00126201,006660
00760999,263810
00271501,045970
00916516,189980
00111014,007640
00604028,376180
00159786,014830
00406392,138250
01705625,450050
01685251,451760
00638487,150900
00642897,099390
01632851,426550
00618401,114120
01702017,446070
00533191,082800
00913689,148150
01080687,227610
01237434,300080
00266961,035420
01188378,269620
00890388,138290
00578538,130740
00164876,003450
00610861,169670
01419384,343510
01700921,448740
00146436,067570
00531865,241690
01762569,457190
00122694,002410
00141556,039830
00544452,088260
00405719,052460
00455875,079000
00602279,186230
00624749,317830
00547583,086790
00261054,037370
00990563,242350
01514528,366330
01118139,336040
00149655,028260
01264872,303530
01042979,205470
00858364,138930
01318261,299170
01437858,363250
00161693,009240
00147994,042600
01524507,291810
00105280,005440
00230814,078590
00154426,003560
01242241,411080
00302078,050540
01398151,331520
00124780,014710
00139214,000810
00166500,010660
00787376,117580
01011872,238170
00990262,150440
00426086,069260
01135941,240810
00173351,032750
01221947,271780
00296324,051780
01515864,396270
01513404,372290
01676642,452430
01222867,216080
00165103,005670
01387164,378800
01336373,235980
01524118,417010
00121932,002840
00362858,053280
00525642,102940
00617998,234100
00869272,189860
00299002,060980
00356370,051900
00535676,089030
01016479,322310
01099667,217480
00664288,245030
00886792,162120
01033591,405100
00115472,002670
01110058,199730
00878696,326030
00231901,309960
01267170,285130
00155735,006140
00181943,025530
00450339,112240
00595191,093370
00120216,002550
00136271,011930
00426828,068100
00149239,018470
01498974,445680
00833064,259630
01328170,317860
01365038,389020
01231786,317770
01505450,367340
00612294,137400
00264547,035600
00104768,000500
00405278,046440
00118266,004840
01179608,256630
00382199,055550
00595182,158430
00626464,119850
01137903,290550
01442115,950200
01569102,388790
00167208,003280
00756163,206950
01528141,417200
00297961,043290
01147487,406820
01065679,215790
01705777,450410
00492706,109670
00150165,018290
01725577,455910
00390514,065440
00165060,013030
00545716,089860
00767460,178920
00972503,271940
01047415,208140
01205842,267270
01205514,456190
00599595,126600
00104573,078130
01144569,257370
00521433,093510
01423837,288980
00571298,263600
00152729,017900
00765569,420770
00562360,097780
00693651,121800
00660459,247660
01383229,417840
00920379,356860
00105165,006250
00149594,023760
00170026,020710
00607797,224810
01187865,267810
00231707,032850
00360595,086280
00273439,041920
00403632,126560
01540815,415380
00364403,050890
00208444,031980
00161860,003680
01596656,408920
00480950,093230
00554024,091990
00148531,023440
00428251,069960
00135962,004970
01336461,348340
00187415,041960
00378220,066410
00447609,090460
00106119,001570
00108940,016710
00651017,293580
01583397,400560
01792791,469480
00120906,065420
00219848,035890
01205709,267250
00568188,098120
00140964,009970
00311270,216280
01364297,322780
01199550,322000
00543107,080580
00164502,170030
01010110,192080
01190513,267060
01721809,453340
00106669,001430
00160843,000990
00156895,027360
00380429,058820
01430475,357120
00138695,013340
01323032,381970
00173078,009900
00526678,099410
00459871,072710
00601988,402030
00573579,090080
00634728,092130
00861076,145270
00910840,192390
00442561,073540
00109781,017650
01223219,312610
01396676,333430
00361266,056000
01055317,215050
00173591,024830
00190321,030200
01344202,338220
00776820,111770
00599285,140070
00138367,023770
00867478,154030
00550994,099190
01566248,383310
01692321,446190
00107613,007660
00113225,084010
00118451,002690
00117708,012700
00261656,049550
00139454,018250
01546101,451220
00407771,073190
01475609,377190
00140779,014440
01534522,380320
00105138,033540
01187175,285770
01622331,424760
00922304,136410
00226352,032500
00925587,348350
01394669,332290
00872656,282720
00134565,015020
00125822,009620
00219361,034810
00228712,088910
00140858,007530
01781847,465320
01226234,338840
00667373,460930
01186671,281310
00136624,005800
01259232,285490
00248974,293480
00308896,068940
00413417,073560
00344287,042670
00624378,424980
00148610,003530
00222213,039870
00250614,054540
00330424,078020
01816268,478390
00495554,090740
00939942,189690
00230911,036640
00498001,101330
00397243,066350
00164609,010620
00842585,153460
00978075,179720
01150515,389260
00127954,051500
01442966,357430
01148909,284420
00117230,002900
00393469,065560
00442835,090370
00349732,052400
00341916,048260
00241236,037340
00447487,080220
00350048,052420
00337296,122830
01084364,208860
01818682,479880
00409140,088290
00450995,317850
00202060,053270
00161116,014790
01251489,300120
00838962,131370
00980043,148780
01011368,295310
00103121,017160
00103325,002540
01026157,403550
00114765,001620
01190568,278470
00625942,114810
00105244,002250
00106508,006070
00107923,001950
00110051,036490
00111227,006580
00264103,044770
00264839,039060
00132992,015750
00141273,010600
00153339,015890
00365457,089790
00660121,196490
01137383,293490
01284751,429270
01785700,467930
01672114,436610
00909835,351870
00117027,001780
00159874,009760
00111829,016890
00115427,004660
00116499,006600
00238977,134780
01212383,262760
00163716,005110
01014055,234300
01817081,475150
00544577,089970
01807729,475250
00645089,104200
00118460,019300
00120508,002270
00121251,028090
00127024,008720
00503899,079660
00110875,020180
01494118,376930
00132105,003940
00132114,014300
01018167,260490
00138376,041550
00139418,021570
01765265,460860
00149248,009380
00149840,005600
00151252,004530
01251577,290270
01815764,478110
00163682,008560
00154392,016570
00409681,067390
01845701,482520
00480756,096040
00120182,005940
00108490,048830
00150828,002780
00164779,000660
00260930,041510
00171636,004150
00306454,053300
00181712,034730
00632304,096760
00531829,179290
00198378,031390
00238199,067730
00259934,036000
01050738,304100
00159412,002300
00163044,003040
00164292,003900
00164362,008800
00208301,053440
00220446,054250
00653112,233190
00414850,094280
00874195,204990
01360875,360070
01658266,430230
00264671,039310
00945457,185490
01276594,293940
00115931,039840
00604268,262260
01169498,248020
00234449,054790
00126308,028050
00587925,142760
00536286,097800
00351375,060260
00163114,007860
00247939,037600
00923516,446540
01119387,241510
00475976,083640
00977641,149980
00988364,184230
00825223,126640
00148984,000480
00606293,130580
01798980,473050
00652423,101140
00248053,037640
00252658,046810
00127167,002810
01138993,278380
00542898,106080
00123143,003850
00857480,143240
00923826,178780
01468061,443250
00867034,176750
00101664,214390
00231691,032800
00249034,035430
00983040,180640
01510489,950210
01524093,375500
01596425,402340
01203507,299670
01232192,464280
00144021,008290
00656021,139050
00209780,029460
00297448,041590
01181515,290650
00390860,065150
01233465,303810
00404941,098070
00149804,002880
00265324,035760
01014657,138580
01658831,475830
01307335,366030
00352064,053160
00173069,011400
00402110,131090
01063237,222670
00136226,065350
00682992,298870
00454937,090410
00110547,003050
00562245,124560
01860010,332190
01201970,352770
01351080,358570
00245472,064760
00403793,301300
01113718,226950
00295370,039230
00323868,053580
00525864,237750
00603348,093320
00369107,082850
00643656,101730
00351579,049470
01667592,433530
01142260,460870
01022142,226590
01118643,238500
00258102,065060
00111689,009320
00125965,111870
00797364,119650
00130408,079650
01142400,164060
00364795,060300
00129235,004450
00112059,001290
01641600,475580
00471068,077360
01061558,213420
01064069,215480
01504211,462510
01605529,438700
00549891,214370
01492651,372320
00134510,033530
00585608,119860
01210066,377450
01803927,481070
00255105,038530
01572489,386580
00766106,105550
01204056,352820
00160588,000880
01559637,439580
00113562,000400
00226316,111110
00577380,138070
01814233,477380
00307028,053950
01594764,405640
01344363,323350
01072518,163430
01217014,290090
00263140,046400
01381984,357880
00160375,010640
00164788,012330
00216434,066360
00132868,011300
00119672,016740
00330044,050110
01583652,434480
01512575,384470
00190756,067900
01130885,266470
01376715,347850
01016309,457370
01074862,215200
00560982,086820
00124504,047050
00128032,000520
00145163,005690
00441243,093240
01281541,446440
00164742,005380
01867749,495810
01467336,368030
01814589,477760
00842619,141080
00112457,003310
00264255,043150
00269922,041830
00225706,234080
00557508,114090
01336735,327610
00681142,102280
01540453,445090
00257149,036180
00373021,073640
01866528,489210
01853214,487360
00173795,004080
00129013,011150
00135795,029530
00406329,038060
00161125,018880
00596260,079970
00138792,020560
00651901,298690
00136004,025870
00992543,225190
00490090,099750
01854408,487830
01620713,421800
01207901,466410
01847550,484130
00121039,017180
00458562,089530
00159731,019660
01616808,413600
01016886,308700
00159193,015760
00105271,002380
01259311,290720
01031229,219750
01384787,462870
00124090,007280
00123523,004650
00124197,003030
00264945,036800
00276834,052900
00307897,032710
00367844,317400
01194689,443060
00831428,131030
01205851,267260
00970453,214450
01236897,271980
01010642,144510
01217829,265740
01489648,357780
00108065,015540
00317210,043260
00971090,263540
00153278,019770
00493325,172670
01357765,348080
00111704,042660
00260408,036580
01182408,258790
01636565,474170
00405959,115570
00365989,070960
01621280,424140
01429220,452450
00351427,096250
00139834,064400
00415594,100130
00362238,079980
00441447,089150
00362441,307950
00489243,088130
00422895,067830
00495086,087600
01390344,329180
00611736,092870
01003040,192250
01091054,222420
01130849,290560
01807738,475240
01283974,451250
00364254,085810
00102432,013580
00110884,032790
01480780,400760
00230036,030350
00243979,084180
00360036,046310
00567897,389500
00610490,148140
00125150,005090
00154329,007980
00158325,030190
00256502,045660
00371485,089010
01353848,279060
01013694,211050
01159853,243070
01234507,267980
01310773,333620
01407158,333050
01462739,413640
01704680,476080
00386937,060000
01179866,398120
00292434,048530
00415327,072020
00415868,087010
00453929,078160
00765462,297090
00670340,112610
01624162,425290
00522007,110790
00583026,072770
01061497,214270
00239639,038500
00372873,058860
00532059,114450
00580199,086900
00877059,207940
00926522,191420
00977650,182400
01110678,263050
01114586,331920
01319899,302440
00102618,012200
00297095,051490
00384887,071670
01456011,376300
00145446,008250
00141246,016250
00203290,024720
00753643,109070
00441128,058220
01672053,436530
00104537,006050
00105855,010120
00143907,012620
00111421,005870
00185046,048550
00543204,078860
00918222,156100
01267602,287410
00391197,065650
00402989,069110
00113207,001440
00453488,145210
00657783,417970
01311310,382480
00112378,000040
00825959,126700
00144650,054930
00469799,074610
00299464,047820
00602136,104460
00814786,131100
00488989,078350
00172185,004270
01116265,140430
00203847,060480
00120571,005300
00220057,032620
00126380,005930
00220969,045060
00126566,012450
00225742,060370
00128980,010960
00236863,037440
00165413,011170
00313649,048410
00331016,064850
00231363,032640
00364740,100590
00274933,031440
00487546,076080
00303873,079160
00617314,219130
00657224,461300
00809429,123840
00866451,396470
01037542,222160
01335790,308080
01343665,327260
00215976,038340
01766167,458320
00450931,101970
00291231,052270
00161383,042700
00372129,079900
01012987,357580
00172680,005160
00117498,026890
00829380,128660
00104388,007690
00550082,210120
01344831,315640
00288343,065570
00198697,020760
00111999,003220
00870481,128540
01047169,208350
01078178,218410
01095722,222800
01288410,318160
01514005,355390
01538528,453860
01770203,462520
00481454,073240
00175623,050120
01138595,199480
00132202,086710
01139035,277880
01544468,456070
00367400,463480
01311408,450080
00113410,000120
00216762,045100
00131850,001510
00536523,090360
00660750,166090
01190780,266870
01208751,212710
00159005,002000
01866926,492220
01695498,419700
00534701,396300
00124540,047040
01872893,495900
01663055,430460
01784914,466100
00412597,057050
01257872,288620
01857991,489730
01761296,458610
01416235,950190
00232007,042940
00791209,118000
00153621,009310
00861720,181340
00503668,079550
01316245,298040
00783246,900070
01682740,442770
01701328,448760
00453442,059270
01370863,402490
01574760,393360
00528791,412540
00629212,131180
00111810,003090
00243988,033630
00229021,033230
00818472,160600
01259056,299910
00259545,123040
01208821,266350
00369569,050090
00118804,005290
00358271,056190
01359815,320000
01480708,376270
00159209,052690
00868705,136540
00104519,001140
00821607,123750
00155124,010770
00527491,101670
00244455,033780
00227333,033640
00258801,035720
00261443,036570
00349097,053210
00297989,046120
00357360,069640
00338170,452400
00390055,063160
00427483,069620
00397191,068050
00445054,067310
00131780,001740
01854763,487570
00155638,002230
01276901,291230
01302853,368600
01573284,391710
01804476,474490
00138206,012650
00280688,046140
00155319,005490
00157681,004000
00234412,031430
00939687,163560
00407294,088340
00108241,004370
00453284,339770
00540641,084670
00684802,244920
00872984,139480
01385050,389650
00181934,051310
01588189,475400
01090471,222080
00370918,221980
00663669,114630
00385336,064240
00217947,034300
00672603,199430
00820352,131760
00113191,003690
00103644,042370
00126487,007700
00141389,036560
00339072,054300
00219486,035510
00608699,134580
01568413,383220
01880801,415640
01286476,474610
00105101,015360
00207375,054670
00605124,117670
01765256,460850
01519790,484870
00623184,192410
01516766,469750
00527011,376190
00132725,003080
00137207,011330
00249441,066790
00674498,121440
01136001,286750
01391103,337930
00125664,012210
01507810,390110
00878517,224020
01276026,314130
01358463,319400
01368354,330860
01435489,382900
00311216,044990
01270749,289930
00132211,002820
01011526,348370
01817610,478780
00122056,003650
01337017,341310
00164308,010090
00152385,007460
01085026,240600
01186404,263720
00567222,101170
00816696,136660
00310156,049180
00929228,224760
01747977,489500
01671601,446600
00361008,082740
00763701,234340
00156859,030210
00166175,021040
01082348,226400
00138321,008670
00103130,009810
00877174,169330
01299203,453450
00119007,009580
00121507,001810
00133706,027970
01373709,456010
00156956,034950
00304401,047730
01075126,223310
00116408,025950
00232821,036170
01089350,220260
00348788,053200
00134723,001020
00136086,009200
00317681,059210
00326731,064550
00349060,042520
00447007,260660
00608440,340570
00767628,138610
00956028,950130
00971726,153710
01063954,253840
01118281,304840
00226547,053980
01161432,199550
01784394,465770
00108038,004250
00228059,084110
00113535,005880
00242934,083550
00117212,000150
00261373,038290
00117337,001520
00127857,002450
00305941,145170
01152470,263750
00102751,002140
00303703,065770
01569838,388800
01700587,462350
00247975,036830
00362292,060590
00888347,145020
01663639,430700
01253636,435570
00403766,062970
01035678,193250
01275489,308430
00164478,000720
00291860,044060
00392691,064800
00406037,083660
00962393,318020
00764807,183410
00977696,194510
00158909,004940
00763358,136510
01801822,473950
00109754,005750
00265041,036670
00141529,007310
00168331,005320
01190124,279600
00521390,144960
00878915,139130
00136642,019590
00263654,039200
00407036,067370
00919966,215600
00983916,187420
00138224,003410
00569691,092070
01877126,487720
00256955,055490
00128412,005500
00144395,026960
00155531,005810
00164973,001450
00540605,084680
00583442,090350
00128607,024950
00526872,086890
00580667,091340
00606770,094850
01592049,455900
01703849,473980
00172945,023790
00991225,302920
00536541,086520
01882845,499790
00492353,170790
00374738,065370
01817249,477470
01514227,458870
01250374,275630
00353230,060910
00541437,104540
01182550,245620
01547933,351020
00327396,082210
00193328,126720
00295857,046070
01051472,229000
00688996,105560
00296078,054620
00871833,237690
00353018,058530
01686427,464080
00554352,175250
00110750,019570
01412938,322190
01113754,241790
00151128,009680
01586172,400840
01834194,481890
01229240,296520
01675014,438220
01845534,482690
01445440,459100
01498576,389680
00111838,007680
00155355,017810
00561866,115390
00300405,065500
00164672,006390
00384717,065170
00347734,051630
00150439,003780
00238782,032190
00112998,031210
00277736,046110
00661847,133820
00904672,251270
01105153,454910
00416414,089140
00960641,168490
00442570,079370
00447575,204270
01579020,456570
00480783,091580
00535746,063080
01326792,307870
00156150,019490
01590528,450950
01455492,373160
00475718,083470
01217865,377220
00526599,145720
00925374,372170
00961507,258610
01612608,419270
01678312,460470
01319808,300720
01873272,489480
00565215,243870
01374717,475460
01872219,493790
00186799,044490
00965813,201490
00874937,180060
01168143,900280
00125080,006840
00486705,139990
00238001,033560
01706794,464500
01619513,422040
01046391,217330
01037214,256940
01047707,208710
00122472,001340
00321204,076340
00527002,127980
01466832,403360
01492217,373110
00173698,002700
01020524,234920
00161408,021960
00112004,003190
00103510,023800
00100601,114190
00114792,001230
00109268,048470
00135999,001000
00406046,071970
00536329,106520
00363510,060230
01458161,484810
00126186,018260
00126362,006400
00107987,025860
00863533,482630
00223762,043610
00109806,004440
01526806,419050
01688896,448730
00319272,458650
01854392,488060
00958327,382800
00145862,034590
01110076,230980
00186452,029480
00976615,217880
00172079,046210
00156442,004590
00180263,016100
00206686,042040
00216647,030530
00222435,033050
00267854,014100
00346407,040350
00356839,054180
01728167,462980
00652159,144620
01881800,498390
00486875,103840
00525679,085660
00530413,224060
00657002,200710
00683469,103590
00117276,007390
01042711,204620
00159740,001940
00112332,085620
00139153,038110
00141671,010470
00149354,001630
00158024,024840
00152862,002020
00153861,009410
01042359,204840
00357740,060250
00377018,049080
00384762,065690
00466428,074430
00608802,200230
00667425,200470
00838005,178320
00129509,014130
01372782,356680
00125530,005610
00384948,290380
00962922,222110
01453944,457600
00223513,033320
00121534,023150
00366845,065130
00126292,029780
00659161,160980
01236532,273060
00133858,004490
00137252,008040
01796858,472220
00140177,007070
01813377,477340
00150633,013890
00556907,088800
00560122,091440
00579999,098460
00585538,095910
00659684,174880
00665676,127710
00666204,217190
00799539,122310
00915508,148250
01105621,227950
01112889,239890
01124680,250000
01215618,273640
01309795,297570
00355089,045340
00958664,162300
00158307,071840
00140168,035000
01262458,282690
00199076,032960
01258428,334970
01290248,276040
01423916,382150
01444380,355690
01472930,417860
01579570,418250
00820389,214870
01093007,229640
01203808,265520
01616482,418210
00765897,448900
00350312,039570
00301112,046390
01408999,336060
01023211,209640
01135057,234690
00155258,058430
00155276,003670
00204208,027740
00377610,058650
01032413,195870
01316254,298050
00927558,206650
01436628,350520
00414540,114920
00475985,048870
00476498,078340
00492894,082270
00574611,099220
00613318,122870
00870065,177900
00127699,064510
01511558,950220
00638539,126870
01363924,331660
00101752,025880
00107598,003920
00120924,005990
01563922,413390
00116268,002210
00972293,208340
00104120,026910
00141404,006740
00415646,192650
00474588,107640
01819867,478440
00423609,068870
01584183,432720
00113234,001790
00140566,002680
00113243,001130
00162911,005860
00121941,001680
00192499,027710
00126955,003230
00241209,033200
00242378,035810
00130879,004410
00364467,060570
00370006,052220
00142661,006980
01226270,352090
00156691,005430
00158149,002960
00620558,195990
00303794,086980
00875307,255440
00127158,004920
00144720,011690
00260356,008270
00220622,065710
00442455,082660
00390903,065680
00446831,084450
00149646,024110
00361169,041460
01714997,481850
01689035,452200
00681373,197140
00127802,004380
01353024,317240
01555215,424960
01137860,479960
00445841,086960
00446479,070480
00370255,064520
00128971,001880
00917861,192440
00103635,014200
00298447,052710
01025644,217730
00876908,118990
00863038,313760
00201450,068400
00139889,011790
01366000,323280
00762377,103660
00409788,083650
00291152,041500
01492688,362990
01841635,482680
01153105,318410
00816933,285800
00149345,002600
00449254,099320
00545734,092040
00560849,260970
00428321,101530
00397252,067000
01034730,215570
00435969,071200
01035942,233250
01604371,415580
00108913,019680
00206659,054210
00254045,000030
01406265,432430
00929778,199870
01117918,258250
01168684,253450
01318933,303030
00576798,110990
00592653,089850
00116824,000640
00104102,010050
00440712,073570
00956930,170900
00627029,099520
01601222,413630
00301015,044070
00301626,057330
00299844,254490
00650771,160190
00579139,222980
00635134,097950
00855093,136490
00811372,194700
00896285,145990
00986898,318010
01167056,248170
01205329,264900
01068737,357230
01238169,271560
01071944,218150
01258507,280360
01214248,270870
00445869,121060
00523176,086220
01613281,418170
01632912,476060
00876166,318000
00101488,009450
00108001,091590
00107066,001260
00136165,013810
00137915,007820
00112651,012800
00158565,017890
00118026,006040
00184667,023410
00200910,031310
00123541,000890
00125521,005850
00318316,045390
00131832,006120
00329093,047770
00389998,066980
00132637,014820
00528515,092460
00145190,003460
01851650,486630
00605522,290690
00910202,178600
00103626,010420
00317089,066930
00442154,126880
01085187,236030
01243161,277410
01276327,299900
01453670,353190
01480568,353810
01491607,368970
00101549,011040
00103015,014570
00104722,002720
00113128,023910
00114686,006620
00114808,086450
01020843,217820
00455981,080000
00540863,083450
00146232,013360
00541163,091120
00148896,010060
00545929,095700
00156488,005010
00614478,200670
00656289,222040
00160047,000240
00799177,122350
00160302,005420
00161426,008930
00991298,189330
00163761,009460
01031502,196450
00164636,012630
01032583,198440
00164645,011200
00106614,092440
00557933,088790
01663569,450330
01018617,200580
00369213,039980
01110182,246960
00116426,009730
00122551,035150
00140946,009180
00139205,001540
00141477,012160
00349811,052300
00534598,372910
01060744,213500
00815095,153490
01187148,263700
00329084,047940
00334493,050470
00334615,038710
00349787,054020
00577016,050960
00123718,003000
00126414,001360
00126788,009300
00128546,000250
00129679,006280
00131018,018680
00135050,004720
00136448,002800
00137058,012790
00137359,019170
00141149,003520
00144818,000220
00146083,000230
00149947,001060
00150536,007370
00158963,033270
00161046,002390
00442631,116100
00111111,009190
00681249,115480
01038693,203650
00167192,005720
00173874,002350
01068658,217620
00178754,028100
01098792,226340
00233653,034830
00241005,138490
01181807,308100
00357935,089470
01189438,278650
00365387,095570
01201590,270660
00759513,108670
01211232,282880
00795135,120110
00854997,137310
00157399,004710
00549925,085370
00308559,080530
00653103,151910
01258020,304360
00261887,062860
00356158,053330
01605282,464580
00162586,009420
00164706,004310
00166573,016580
00187770,032300
00210740,067080
00216027,053030
00231831,034940
00256043,200780
00533809,354390
00541349,068760
00765851,330350
00828497,128940
00359395,084990
01405451,347860
00585219,091090
01091382,222810
01601286,412930
01718407,478560
00937324,161390
01245062,950160
01108099,227840
01275665,302550
01310269,294870
01712485,450140
00537221,216400
00580065,101160
00109019,005270
00111847,000430
00121969,023960
00516246,096610
01290381,347740
00501970,078940
00446901,126730
01798722,473000
00989664,166480
00992871,185750
01012066,195940
01168383,249420
00148832,006220
00173449,044480
01288827,403870
00115977,010780
00102353,024910
00117300,002710
00109310,008830
00140131,020120
00128111,009520
00130763,046890
00219574,044820
00153375,023160
00450010,308170
00156910,019550
00589127,092220
01009789,192820
00397289,067170
01412725,336260
00488402,092190
00463342,041910
00245898,050320
01688346,444920
01690235,446150
01701753,449020
01706819,450940
00668965,311320
01573974,391060
01722437,452260
00936787,161000
00249894,066700
01165155,250060
00113261,010170
00184889,039020
00390408,064090
00142713,011080
00899556,147830
01719105,452980
01807747,474930
01809569,474660
00188122,036280
01412822,336370
00109453,067250
00113492,004540
00111218,044180
00117966,013120
00122481,014580
01109937,246710
01274329,365340
00683007,070300
00653194,109960
00146454,007570
01518506,476710
00162072,011700
01689266,431190
00413046,068270
00134176,013000
00121154,009780
00122205,018700
00126937,000070
00131197,021050
00130587,027040
00141307,000670
00158219,033170
00205003,033340
00157991,004090
00163673,003480
00259590,035620
00171265,034230
00262266,437730
00174527,002460
00267906,019010
00203315,036420
01008762,194480
00151447,001490
00199252,028300
00175173,031510
00253985,066620
00263371,039340
00126779,006110
00138516,008700
00664853,137950
00191472,025000
00788773,096530
01582228,397880
01553129,420570
00367376,064060
00104856,016360
00105961,011070
00126256,032830
00415707,069410
00126478,010140
00470829,070590
00136378,004170
00137997,001500
00158501,012750
00166519,000850
00508274,081000
01663116,163280
00400121,069330
00166333,086250
00819374,190510
00296290,039490
01226410,352480
01109070,238200
01593242,406760
01073261,240550
00144243,018000
00148470,199820
01436558,404990
00506294,079940
00103006,002240
00103176,000540
00105466,021320
00109037,027830
00113614,016090
00525934,108320
00124106,005280
00146861,033240
00155948,033290
00317104,171120
00210856,071950
00346610,056090
00372226,131290
00361488,078000
00372882,058850
00399694,067160
00628189,095720
00407814,083790
00838500,900140
00852087,134790
00486370,080470
01210677,480370
00494476,088390
01497869,363280
00535481,109610
00540447,086390
01493793,360350
01448544,471820
00103592,009290
00355548,053590
01575361,267080
01114559,286000
00117188,004800
00117601,003470
00158015,025550
00118044,030720
00169215,019990
00187725,015710
00131939,007610
00146296,007110
00159573,000970
00162063,004960
00246620,039420
00101257,000800
00477257,078650
00273615,030790
01128622,239340
00129642,041650
00137368,002870
00781202,900100
00547510,199800
01188730,260870
00572905,095340
00573269,096630
00615723,123010
00657987,122450
00675594,187220
00942131,238090
00983934,289010
01109539,232140
01210190,348030
01217795,432980
01237540,272290
01390399,328380
00198192,037230
00120526,023530
00205687,032860
00367604,063440
00125743,004560
00656951,090850
00130684,017390
00815767,123420
00155212,022100
01027828,445180
00164830,009540
00250137,065530
00305668,075180
00458234,267850
00261957,039740
00520887,100220
00269889,040160
00633835,097230
00408336,062580
01649620,331740
01263022,282330
00219097,027410
00385363,065450
00119195,000020
00265421,037330
01159233,248070
00914341,309710
00106623,011210
00172228,085310
00204642,033830
00288495,060560
00568461,225530
00938688,950110
00104810,007720
00125974,001470
00201432,054220
00317487,043220
00548519,086460
00375931,060150
00642541,127120
00761183,416180
00814582,336680
00885906,148930
01089378,219550
01182259,314140
01397903,354200
01419205,460940
00141875,006090
00151605,013720
01885222,0030R0
00353610,053350
00618410,101000
01267967,305090
01696451,442310
01677678,440790
00140061,022220
01867758,489790
00693554,104480
00169048,003580
01326279,307180
00182696,439260
01293485,381620
01534577,362320
00609634,101390
00336817,047920
00113544,003830
00143226,033310
00145738,024810
00124799,007160
00146427,058450
00126089,000300
00152127,036710
00153393,003240
00176835,054050
00260657,036220
00264714,040610
00268002,036630
00276083,033790
00666329,176590
00346911,052770
00366137,151860
00373571,060240
01413371,343090
01497373,461030
01594791,459510
00152589,027050
00445160,079810
00497631,081150
00874803,211270
00875237,352700
01175499,377460
01311055,294570
01327746,310210
01381391,443670
01506617,394800
01806951,472850
01325979,306200
00366438,062040
00244561,035080
01015160,332570
01109122,258540
01436479,393210
01455410,387570
01508855,369370
00563837,159580
00911955,226320
00138190,001250
01063884,215090
00371740,066670
01153293,322510
00148276,030000
01336762,347700
01671197,435870
00106881,014990
01731453,456440
01157846,188040
01380578,484120
01182240,267790
00162461,009830
01405585,335870
01782004,380550
00442905,104040
00110060,026970
01649204,483650
00137289,041520
01065013,215380
01140837,377330
01516890,418620
01049167,214610
01335453,309930
01689336,445360
01708163,475230
00200275,040300
00381756,125020
01688568,468530
01454341,367000
00428729,069460
00945208,161570
00109189,008060
01587056,419080
01902990,0037T0
00340917,049770
00159810,006380
00362122,137080
00360142,122900
01670675,435380
01341630,296640
00609315,096640
00624518,154040
00151863,012600
01041828,950170
00115694,016610
00138242,003620
01299106,403490
00204323,475430
01513699,389140
01593668,321370
00356802,060280
00162081,019560
00105873,034220
00136925,017000
00117267,082640
00367482,069540
00309503,047810
00526951,095190
00876865,212560
00135111,017550
00677334,102950
01207761,227100
00631518,096770
01573336,475960
01875146,496070
01035289,204210
00119140,143210
00556712,238490
01514698,373200
01185867,341170
00300557,071460
00408956,072520
00876643,198080
01675421,439730
01675227,439250
01335930,321550
00816544,214420
00100957,012720
00151298,069730
00136101,021880
00378363,060310
01440153,351320
01261893,281820
00141626,002630
01639508,463020
00173102,012690
01386916,361610
00268251,039560
00874168,234030
00109514,004870
01810796,476470
01678835,442130
01467503,462310
00124726,005180
01284876,465480
00136721,001720
01575839,405000
00252269,038880
00264635,038680
01590980,444530
01352575,289170
00351454,043090
01185566,263920
00945776,289860
01246034,290660
01693922,446840
01910324,0041B0
01577952,456160
00195229,081660
00177870,096350
00260745,036120
00620868,124500
01230255,276730
01393721,331380
00406222,081180
00679314,102260
00318662,056730
00808086,196300
01157235,246720
01256864,298380
01315042,340810
00101336,008020
01274310,294090
00149266,023460
00146214,003120
00252135,036930
01036367,203690
01814312,477530
01307593,364950
00563545,131970
00444329,112040
01011395,294140
00112907,026870
01760738,456040
00306870,066910
00602172,251370
01108442,230240
01344336,226330
01409095,377030
00164618,016790
01110474,298060
01677429,440820
01109690,227420
00728638,105630
01101722,226440
00162416,001750
01384477,323230
00157104,008110
00370200,066430
00968607,475560
01764099,474650
00671376,091810
00410739,057880
00426068,069920
01702424,448830
01221752,388610
01375822,397030
00122825,006490
00220109,043100
01428203,344820
00361725,066270
00232089,032980
01011438,239610
01049422,208640
00113058,088350
01906598,0041L0
00339391,272210
00983271,181710
00148540,001040
00513948,142280
00385415,068330
00101044,003060
00129411,000360
00127042,002170
00305570,043710
00442826,078140
00186559,031820
00166227,006060
00180865,031860
01416642,340360
01290132,311960
01467451,418470
01335143,376900
01222113,450520
01383779,475660
00103662,017040
00124805,007330
00117726,092780
00185505,052670
00154462,002790
00363769,063570
00408266,203450
00486097,089600
00624509,187870
01085442,212310
00138303,010280
00347716,051980
00661157,150840
00990819,200350
01309388,322180
01751448,457390
00146542,008500
01116502,321820
01335851,323990
00209443,033660
00957568,214310
01267958,303360
00120030,006360
01042429,205500
01030132,192520
01160363,247540
01767494,462020
01884065,0004Y0
01906552,0041J0
00155586,024850
00896753,159910
01136977,439090
01657197,489460
00293886,044340
01070149,244460
01374443,287840
01152586,388720
01675254,439410
01516456,389470
00480048,080420
00108746,015590
01027794,251630
01262032,286940
01029394,230360
01203659,424870
01602638,430690
01674538,437780
01669475,435620
01563667,462860
01182444,268600
01332137,283100
01182578,290120
00541862,202960
01674468,438580
01432598,340450
00197476,029960
00110583,025440
00813389,177350
01219155,311390
01786514,468510
01638387,455180
00136095,031920
01586455,407400
00114154,024900
01515323,373220
01109715,241520
00545114,084650
01309069,346010
01549472,393970
01506990,380540
00362201,100700
01067808,217270
01199727,252990
01409022,187660
01689938,445970
00102858,010130
00862880,107600
01267550,288490
01113499,232830
00488244,136150
01626391,476040
00861997,175140
00118521,011000
01228515,270520
00136776,025620
01227039,288330
00159500,023350
00532855,080720
00959229,258830
00307189,057500
